"villid","hogid","D_HH","IncomeLab","famsize","agehead","sexhead","pov_HH"
"01001106","0101103050.0539",1,NA,6,29,"Female","pobre"
"01001106","0101103052.0540",1,NA,6,43,"Male","no pobre"
"01001106","0101103054.0541",1,NA,6,43,"Male","no pobre"
"01001106","0101103056.0542",1,3200,5,25,"Female","pobre"
"01001106","0101103058.0543",1,NA,5,40,"Male","no pobre"
"01001106","0101103060.0544",1,4320,5,40,"Male","no pobre"
"01001106","0101103062.0545",1,4800,5,39,"Male","no pobre"
"01001106","0101103064.0546",1,NA,6,45,"Female","pobre"
"01001106","0101103066.0547",1,NA,6,42,"Male","no pobre"
"01001106","0101103068.0548",1,3200,3,22,"Male","pobre"
"01001106","0101103070.0549",1,NA,6,40,"Female","no pobre"
"01001106","0101103072.0550",1,NA,5,24,"Male","pobre"
"01001315","0101103002.0639",1,NA,6,29,"Male","pobre"
"01001315","0101103004.0640",1,NA,6,74,"Male","pobre"
"01001315","0101103006.0641",1,NA,6,41,"Male","no pobre"
"01001315","0101103008.0642",1,NA,5,48,"Male","pobre"
"01001315","0101103012.0644",1,NA,4,32,"Male","pobre"
"01001315","0101103014.0645",1,NA,11,30,"Female","pobre"
"01001315","0101103016.0646",1,NA,5,41,"Female","pobre"
"01001315","0101103018.0647",1,1000,4,25,"Male","no pobre"
"01001315","0101103024.0650",1,NA,4,36,"Female","pobre"
"01002008","0102103002.0699",1,3000,4,29,"Male","pobre"
"01002008","0102103004.0700",1,NA,6,45,"Female","no pobre"
"01002008","0102103006.0701",1,1200,6,51,"Male","no pobre"
"01002008","0102103008.0702",1,NA,5,71,"Male","no pobre"
"01002008","0102103010.0703",1,1000,4,27,"Male","no pobre"
"01002008","0102103012.0704",1,NA,6,31,"Male","pobre"
"01002008","0102103014.0705",1,NA,4,36,"Male","no pobre"
"01002008","0102103016.0706",1,NA,7,34,"Male","pobre"
"01002008","0102103018.0707",1,NA,9,47,"Male","no pobre"
"01002008","0102103020.0708",1,NA,5,41,"Male","no pobre"
"01002008","0102103022.0709",1,NA,6,40,"Male","pobre"
"01002008","0102103024.0710",1,4000,6,38,"Male","pobre"
"01002010","0104103026.0703",1,NA,2,42,"Female","no pobre"
"01002010","0104103028.0704",0,NA,3,43,"Male","no pobre"
"01002010","0104103032.0706",1,NA,6,35,"Male","pobre"
"01002010","0104103034.0707",1,NA,3,28,"Male","no pobre"
"01002010","0104103036.0708",1,NA,5,37,"Male","no pobre"
"01002010","0104103038.0709",1,NA,6,59,"Male","pobre"
"01002010","0104103040.0710",1,6300,5,39,"Male","no pobre"
"01002010","0104103042.0711",1,NA,6,35,"Female","pobre"
"01002010","0104103044.0712",1,NA,5,41,"Male","pobre"
"01002010","0104103046.0713",1,NA,4,33,"Male","pobre"
"01002010","0104103048.0714",1,2400,5,36,"Male","pobre"
"01002025","0102103050.0611",1,NA,5,32,"Male","pobre"
"01002025","0102103052.0612",1,NA,1,68,"Female","no pobre"
"01002025","0102103054.0613",1,NA,5,66,"Female","pobre"
"01002025","0102103056.0614",1,3000,6,43,"Male","no pobre"
"01002025","0102103058.0615",0,3000,11,58,"Male","pobre"
"01002025","0102103060.0616",1,NA,6,29,"Male","pobre"
"01002025","0102103062.0617",1,NA,4,24,"Male","pobre"
"01002025","0102103064.0618",1,3000,4,44,"Male","no pobre"
"01002025","0102103066.0619",0,NA,13,46,"Male","pobre"
"01002025","0102103068.0620",1,NA,12,55,"Male","pobre"
"01002025","0102103070.0621",1,NA,5,33,"Male","pobre"
"01002025","0102103072.0622",1,NA,4,32,"Male","pobre"
"01002030","0103103050.0711",1,NA,5,38,"Male","pobre"
"01002030","0103103052.0712",1,NA,9,87,"Male","pobre"
"01002030","0103103054.0713",1,NA,6,44,"Male","no pobre"
"01002030","0103103056.0714",1,NA,4,34,"Male","pobre"
"01002030","0103103058.0715",1,300,6,34,"Male","pobre"
"01002030","0103103060.0716",1,NA,4,56,"Male","pobre"
"01002030","0103103062.0717",1,NA,9,62,"Male","pobre"
"01002030","0103103064.0718",1,NA,6,46,"Male","pobre"
"01002030","0103103066.0719",1,NA,2,52,"Male","pobre"
"01002030","0103103068.0720",1,NA,5,78,"Male","pobre"
"01002030","0103103070.0721",1,3440,8,40,"Female","pobre"
"01002030","0103103072.0722",1,3200,5,42,"Male","no pobre"
"01002033","0103103026.0739",1,NA,6,36,"Male","pobre"
"01002033","0103103028.0740",1,NA,7,31,"Male","pobre"
"01002033","0103103030.0741",1,NA,6,43,"Male","pobre"
"01002033","0103103032.0742",1,NA,6,35,"Male","pobre"
"01002033","0103103034.0743",0,NA,7,60,"Male","pobre"
"01002033","0103103036.0744",1,NA,4,25,"Female","no pobre"
"01002033","0103103038.0745",1,NA,7,39,"Male","pobre"
"01002033","0103103040.0746",1,3600,3,34,"Male","pobre"
"01002033","0103103042.0747",1,NA,4,81,"Female","pobre"
"01002033","0103103046.0749",1,NA,10,36,"Male","pobre"
"01002033","0103103048.0750",1,NA,6,32,"Male","pobre"
"01002035","0102103026.0727",1,NA,6,36,"Male","no pobre"
"01002035","0102103028.0728",1,3000,4,36,"Male","pobre"
"01002035","0102103032.0730",1,NA,10,39,"Male","no pobre"
"01002035","0102103034.0731",1,NA,4,35,"Male","pobre"
"01002035","0102103036.0732",1,2800,3,26,"Male","no pobre"
"01002035","0102103038.0733",1,NA,6,36,"Male","pobre"
"01002035","0102103040.0734",1,NA,6,47,"Female","pobre"
"01002035","0102103042.0735",1,NA,8,36,"Male","pobre"
"01002035","0102103044.0736",1,3000,14,47,"Male","pobre"
"01002035","0102103046.0737",1,NA,7,47,"Male","pobre"
"01002060","0104103002.0675",1,NA,5,32,"Male","pobre"
"01002060","0104103004.0676",1,NA,3,46,"Male","no pobre"
"01002060","0104103006.0677",1,NA,9,67,"Male","no pobre"
"01002060","0104103008.0678",1,NA,2,86,"Male","pobre"
"01002060","0104103010.0679",1,NA,6,43,"Male","no pobre"
"01002060","0104103012.0680",1,NA,7,36,"Male","pobre"
"01002060","0104103014.0681",1,NA,9,51,"Male","pobre"
"01002060","0104103016.0682",1,NA,6,37,"Male","pobre"
"01002060","0104103020.0684",1,NA,3,71,"Female","no pobre"
"01002060","0104103022.0685",1,NA,7,39,"Female","no pobre"
"01002060","0104103024.0686",1,NA,7,43,"Male","no pobre"
"01002094","0103103002.0623",1,NA,5,29,"Male","pobre"
"01002094","0103103004.0624",1,NA,5,56,"Male","pobre"
"01002094","0103103004.0625",1,NA,6,44,"Female","pobre"
"01002094","0103103008.0626",1,NA,6,42,"Male","pobre"
"01002094","0103103010.0627",1,NA,5,29,"Female","pobre"
"01002094","0103103012.0628",1,NA,6,28,"Male","pobre"
"01002094","0103103014.0629",1,NA,4,68,"Male","pobre"
"01002094","0103103016.0630",1,NA,8,48,"Male","pobre"
"01002094","0103103018.0631",1,NA,4,46,"Female","pobre"
"01002094","0103103024.0634",1,NA,7,54,"Male","pobre"
"01008018","0105103026.0747",1,NA,3,41,"Female","no pobre"
"01008018","0105103028.0787",1,NA,4,49,"Male","no pobre"
"01008018","0105103030.0788",1,NA,5,41,"Male","pobre"
"01008018","0105103034.0789",1,NA,6,41,"Female","pobre"
"01008018","0105103038.0749",1,NA,6,40,"Male","no pobre"
"01008018","0105103040.0750",1,2800,2,43,"Male","no pobre"
"01008018","0105103042.0751",1,NA,7,48,"Female","pobre"
"01008018","0105103044.0752",1,NA,10,79,"Male","pobre"
"01008018","0105103046.0791",0,2800,5,61,"Female","no pobre"
"01008018","0105103048.0792",1,NA,7,31,"Male","pobre"
"01008018","0105103050.0753",1,NA,6,78,"Male","pobre"
"01008018","0105103052.0754",1,NA,7,40,"Male","pobre"
"01008018","0105103054.0755",1,NA,10,54,"Male","pobre"
"01008018","0105103056.0756",1,NA,5,32,"Male","pobre"
"01008018","0105103058.0757",1,NA,6,55,"Male","no pobre"
"01008018","0105103060.0758",1,NA,4,56,"Male","no pobre"
"01008018","0105103062.0759",0,NA,5,43,"Female","no pobre"
"01008018","0105103064.0760",1,NA,5,30,"Female","pobre"
"01008018","0105103066.0761",1,NA,5,69,"Female","pobre"
"01008018","0105103068.0762",0,NA,5,32,"Male","pobre"
"01008018","0105103070.0763",1,NA,4,32,"Female","pobre"
"01008022","0105103002.0775",1,4500,6,35,"Female","pobre"
"01008022","0105103004.0776",1,NA,6,44,"Male","pobre"
"01008022","0105103006.0777",1,NA,7,34,"Male","pobre"
"01008022","0105103008.0778",1,1350,3,30,"Female","pobre"
"01008022","0105103010.0779",1,1410,4,62,"Male","no pobre"
"01008022","0105103012.0780",1,NA,7,37,"Male","pobre"
"01008022","0105103014.0781",1,NA,4,32,"Male","pobre"
"01008022","0105103016.0782",1,NA,4,85,"Male","pobre"
"01008022","0105103018.0783",1,NA,3,44,"Female","pobre"
"01008022","0105103020.0784",1,NA,9,40,"Female","pobre"
"01008022","0105103022.0785",1,2000,5,32,"Male","pobre"
"01008022","0105103024.0786",0,NA,4,72,"Male","pobre"
"01009005","0106103002.0635",1,NA,7,44,"Male","pobre"
"01009005","0106103004.0636",1,NA,7,45,"Male","no pobre"
"01009005","0106103006.0637",1,NA,7,72,"Male","pobre"
"01009005","0106103008.0638",1,4000,8,41,"Male","pobre"
"01009005","0106103010.0639",1,NA,1,84,"Female","pobre"
"01009005","0106103012.0640",1,NA,4,33,"Male","no pobre"
"01009005","0106103014.0641",1,3200,7,51,"Male","pobre"
"01009005","0106103016.0642",1,NA,7,39,"Male","pobre"
"01009005","0106103018.0643",1,NA,3,36,"Female","pobre"
"01009005","0106103022.0645",1,3200,4,21,"Female","pobre"
"01009005","0106103024.0646",1,NA,4,28,"Male","pobre"
"01009028","0106103050.0751",1,3120,5,31,"Male","no pobre"
"01009028","0106103052.0752",1,NA,6,57,"Male","no pobre"
"01009028","0106103054.0753",1,NA,3,56,"Male","pobre"
"01009028","0106103056.0754",1,NA,5,32,"Male","pobre"
"01009028","0106103058.0755",1,NA,5,28,"Male","pobre"
"01009028","0106103060.0756",1,NA,4,31,"Male","pobre"
"01009028","0106103062.0757",0,NA,3,21,"Male","pobre"
"01009028","0106103064.0758",1,NA,10,41,"Male","pobre"
"01009028","0106103066.0759",1,NA,1,56,"Female","pobre"
"01009028","0106103068.0760",1,NA,8,40,"Male","pobre"
"01009028","0106103070.0761",1,NA,4,25,"Male","pobre"
"01009028","0106103072.0762",1,3600,2,67,"Male","pobre"
"01009051","0106103026.0723",1,2000,4,81,"Male","pobre"
"01009051","0106103028.0724",0,NA,5,78,"Female","pobre"
"01009051","0106103030.0725",1,NA,6,33,"Male","no pobre"
"01009051","0106103032.0726",1,NA,5,28,"Male","pobre"
"01009051","0106103034.0727",0,NA,1,78,"Female","pobre"
"01009051","0106103036.0728",1,NA,5,29,"Male","pobre"
"01009051","0106103038.0729",1,NA,3,58,"Male","no pobre"
"01009051","0106103040.0730",1,NA,4,27,"Male","pobre"
"01009051","0106103042.0731",1,NA,5,30,"Male","no pobre"
"01009051","0106103044.0732",1,3200,5,49,"Male","no pobre"
"01009051","0106103046.0733",1,NA,6,40,"Male","no pobre"
"01009051","0106103048.0734",1,NA,7,50,"Male","pobre"
"01010041","0107103026.0679",0,NA,4,32,"Female","pobre"
"01010041","0107103028.0680",1,NA,5,71,"Male","no pobre"
"01010041","0107103030.0681",1,NA,7,38,"Male","no pobre"
"01010041","0107103032.0682",1,NA,7,46,"Male","no pobre"
"01010041","0107103034.0683",1,NA,6,36,"Male","no pobre"
"01010041","0107103036.0684",1,NA,4,30,"Female","pobre"
"01010041","0107103038.0685",1,NA,5,39,"Male","pobre"
"01010041","0107103040.0686",0,NA,4,71,"Male","pobre"
"01010041","0107103042.0687",1,NA,1,63,"Female","no pobre"
"01010041","0107103044.0688",0,NA,6,37,"Male","no pobre"
"01010041","0107103046.0689",1,NA,4,71,"Male","pobre"
"01010041","0107103048.0690",0,NA,2,82,"Female","pobre"
"01010074","0107103050.0563",1,1960,10,53,"Male","pobre"
"01010074","0107103052.0564",1,NA,6,37,"Male","pobre"
"01010074","0107103054.0565",1,NA,4,27,"Male","pobre"
"01010074","0107103056.0566",1,NA,3,42,"Female","no pobre"
"01010074","0107103058.0567",1,NA,4,34,"Male","pobre"
"01010074","0107103060.0568",1,NA,5,45,"Male","pobre"
"01010074","0107103062.0569",1,NA,6,38,"Male","pobre"
"01010074","0107103064.0570",1,NA,4,40,"Female","pobre"
"01010074","0107103066.0571",1,NA,5,44,"Male","no pobre"
"01010074","0107103072.0574",1,NA,7,53,"Male","no pobre"
"01010119","0107103002.0651",1,NA,7,34,"Male","pobre"
"01010119","0107103004.0652",1,2800,6,31,"Male","pobre"
"01010119","0107103006.0653",1,3400,9,39,"Male","pobre"
"01010119","0107103008.0654",1,NA,10,47,"Male","pobre"
"01010119","0107103010.0655",1,NA,4,74,"Male","pobre"
"01010119","0107103012.0656",0,NA,2,87,"Female","pobre"
"01010119","0107103014.0657",1,NA,7,34,"Male","pobre"
"01010119","0107103016.0658",0,3400,6,38,"Male","pobre"
"01010119","0107103018.0659",1,NA,8,45,"Male","pobre"
"01010119","0107103020.0660",1,NA,5,36,"Male","no pobre"
"01010119","0107103022.0661",1,NA,4,35,"Male","pobre"
"01010119","0107103024.0662",0,NA,7,75,"Male","pobre"
"07006045","MQ2391511112",1,NA,5,43,"Male","pobre"
"07006045","MQ2391511113",1,NA,4,57,"Male","pobre"
"07006045","MQ2391511114",1,NA,5,27,"Female","pobre"
"07006045","MQ2391511115",1,NA,5,66,"Male","pobre"
"07006045","MQ3191511110",1,NA,4,29,"Male","pobre"
"07006045","MQ3191511111",1,NA,5,34,"Male","pobre"
"07006045","MQ3191511112",1,NA,6,68,"Male","pobre"
"07006045","MQ3191511113",1,1800,3,27,"Male","pobre"
"07006045","MQ3191511114",1,NA,5,29,"Male","pobre"
"07006045","MQ3191511115",1,NA,3,53,"Female","no pobre"
"07006045","MQ366151154",0,NA,3,43,"Male","pobre"
"07006045","MQ366151155",1,1800,2,70,"Male","pobre"
"07006045","MQ366151156",1,NA,3,25,"Male","pobre"
"07006045","MQ366151157",1,NA,10,51,"Male","pobre"
"07006045","MQ3731411108",1,NA,7,42,"Male","pobre"
"07006045","MQ3731411109",1,NA,5,71,"Male","pobre"
"07006045","MQ3731411110",1,NA,3,45,"Male","pobre"
"07006045","MQ3731411111",1,NA,4,33,"Male","pobre"
"07006045","MQ3731511112",1,NA,5,52,"Male","pobre"
"07006045","MQ3731511113",1,NA,4,47,"Male","pobre"
"07006045","MQ3731511114",1,NA,3,54,"Female","pobre"
"07006045","MQ3731511115",1,NA,4,55,"Male","pobre"
"07006045","MQ3731511116",1,NA,2,40,"Male","no pobre"
"07006045","MQ3731511117",0,NA,3,25,"Male","pobre"
"07006045","MQ3731511118",1,NA,3,75,"Female","pobre"
"07006045","MQ3731511119",1,NA,5,87,"Male","pobre"
"07006045","MQ3731511120",1,1440,8,45,"Male","pobre"
"07006045","MQ3731511121",1,NA,5,31,"Male","pobre"
"07006045","MQ3731511123",1,NA,4,26,"Male","pobre"
"07006045","MQ3751411106",1,NA,5,60,"Male","pobre"
"07006045","MQ3751411107",1,NA,4,39,"Male","pobre"
"07006045","MQ3751411108",1,NA,9,33,"Male","pobre"
"07006045","MQ3751511109",1,NA,3,49,"Male","pobre"
"07006045","MQ3751511110",1,NA,5,71,"Female","pobre"
"07006045","MQ3751511111",1,NA,4,61,"Male","pobre"
"07006045","MQ3751511112",1,1500,7,38,"Male","pobre"
"07006045","MQ3751511113",1,NA,5,43,"Male","pobre"
"07006045","MQ3751511114",1,NA,4,42,"Female","pobre"
"07006045","MQ3751511115",0,NA,4,25,"Female","pobre"
"07006045","MQ3751511116",1,NA,5,45,"Male","pobre"
"07006045","MQ3751511117",1,1800,3,26,"Male","pobre"
"07006045","MQ3751511118",1,NA,4,72,"Male","pobre"
"07006045","MQ3751511119",1,NA,5,49,"Female","pobre"
"07006045","MQ3751511120",1,NA,7,40,"Male","pobre"
"07006045","MQ3751511121",1,NA,5,34,"Male","pobre"
"07006045","MQ3771411105",1,NA,3,60,"Male","pobre"
"07006045","MQ3771411106",0,NA,7,38,"Male","pobre"
"07006045","MQ3771411107",1,NA,3,28,"Female","pobre"
"07006045","MQ3771411108",0,NA,3,25,"Female","pobre"
"07006045","MQ3771411109",0,NA,3,79,"Female","pobre"
"07006045","MQ3771411110",1,NA,4,49,"Male","pobre"
"07006045","MQ3771411111",1,NA,6,38,"Male","pobre"
"07006045","MQ3771511112",1,NA,8,37,"Female","pobre"
"07006045","MQ3771511114",1,NA,4,74,"Male","pobre"
"07006045","MQ3771511115",1,NA,7,43,"Male","pobre"
"07006045","MQ3771511116",1,NA,7,54,"Male","pobre"
"07006045","MQ3771511117",1,NA,2,22,"Female","pobre"
"07006045","MQ3771511118",0,NA,3,34,"Female","pobre"
"07006045","MQ3771511119",1,NA,5,42,"Male","pobre"
"07006045","MQ3771511120",1,NA,7,47,"Male","pobre"
"07006045","MQ3771511121",1,NA,7,50,"Female","pobre"
"07006045","MQ3801511108",1,NA,5,38,"Male","pobre"
"07006045","MQ3801511109",1,NA,2,63,"Male","pobre"
"07006045","MQ3801511110",1,1800,3,59,"Male","pobre"
"07006045","MQ3801511111",1,1800,7,57,"Male","pobre"
"07006045","MQ3801511112",1,NA,6,44,"Male","pobre"
"07006045","MQ3801511113",1,NA,10,64,"Male","pobre"
"07006045","MQ3801511114",1,NA,7,69,"Male","pobre"
"07006045","MQ3881511114",1,NA,5,37,"Male","pobre"
"07006045","MQ3881511115",0,NA,6,46,"Male","pobre"
"07006045","MQ3881511116",1,NA,5,49,"Male","pobre"
"07006045","MQ3881511117",0,NA,2,61,"Male","pobre"
"07006045","MQ3881511118",1,NA,4,27,"Male","pobre"
"07006045","MQ3881511119",1,NA,4,35,"Female","pobre"
"07006045","MQ3881511120",1,NA,6,34,"Male","pobre"
"07011004","MQ005141163",1,NA,6,50,"Male","pobre"
"07011004","MQ005141164",0,NA,4,28,"Male","pobre"
"07011004","MQ005141165",1,NA,5,43,"Female","pobre"
"07011004","MQ005141166",0,NA,3,26,"Female","no pobre"
"07011004","MQ005141167",1,NA,5,49,"Male","pobre"
"07011004","MQ005141168",1,NA,2,75,"Male","pobre"
"07011004","MQ005141169",1,NA,5,54,"Male","pobre"
"07011004","MQ005141170",1,NA,4,56,"Male","pobre"
"07011004","MQ005141171",1,2100,4,44,"Male","pobre"
"07011004","MQ005141172",1,NA,2,51,"Male","pobre"
"07011004","MQ033141167",1,NA,9,49,"Female","pobre"
"07011004","MQ033141168",1,NA,4,37,"Male","no pobre"
"07011004","MQ033141169",1,NA,3,57,"Male","pobre"
"07011004","MQ033141170",1,NA,5,38,"Male","pobre"
"07011004","MQ033141171",1,NA,6,64,"Male","pobre"
"07011004","MQ033141172",1,NA,5,43,"Male","pobre"
"07011004","MQ033141173",1,NA,1,67,"Male","pobre"
"07011004","MQ033141174",1,NA,8,60,"Male","pobre"
"07011004","MQ033141175",1,NA,10,50,"Male","pobre"
"07011004","MQ038141166",1,NA,1,77,"Female","pobre"
"07011004","MQ038141167",1,NA,12,62,"Male","pobre"
"07011004","MQ038141168",1,1500,3,51,"Male","pobre"
"07011004","MQ038141169",1,NA,4,31,"Male","pobre"
"07011004","MQ038141170",1,NA,4,48,"Male","pobre"
"07011004","MQ038141171",1,NA,4,36,"Female","pobre"
"07011004","MQ038141172",1,NA,5,44,"Male","pobre"
"07011004","MQ038141173",1,NA,7,63,"Female","pobre"
"07011004","MQ038141174",1,NA,5,67,"Male","pobre"
"07011004","MQ038141175",0,NA,3,31,"Male","pobre"
"07011004","MQ3581411125",0,NA,2,26,"Male","pobre"
"07011004","MQ3581411126",1,1600,3,61,"Male","no pobre"
"07011004","MQ3581411127",1,NA,4,32,"Male","pobre"
"07011004","MQ3581411128",1,NA,9,75,"Male","pobre"
"07011004","MQ3581411129",1,NA,5,26,"Male","pobre"
"07011004","MQ3581411130",1,NA,3,52,"Female","pobre"
"07011004","MQ3581411131",1,NA,4,34,"Male","pobre"
"07011004","MQ3581411132",1,NA,4,29,"Female","pobre"
"07011004","MQ3581411133",1,NA,5,43,"Male","pobre"
"07011004","MQ3581411134",0,NA,3,22,"Male","pobre"
"07011004","MQ3581411135",0,NA,4,28,"Female","pobre"
"07011004","MQ3581411136",0,NA,1,80,"Male","pobre"
"07011004","MQ3591411116",1,2400,4,28,"Male","pobre"
"07011004","MQ3591411117",1,NA,2,67,"Female","pobre"
"07011004","MQ3591411118",1,NA,2,66,"Male","pobre"
"07011004","MQ3591411119",1,1200,1,39,"Female","pobre"
"07011004","MQ3591411120",1,NA,5,55,"Male","pobre"
"07011004","MQ3591411121",1,NA,4,37,"Male","pobre"
"07011004","MQ3591411122",1,NA,3,34,"Male","no pobre"
"07011004","MQ3591411123",1,2100,4,46,"Male","pobre"
"07011004","MQ3591411124",1,1800,2,71,"Female","pobre"
"07011004","MQ3591411125",1,NA,5,50,"Male","pobre"
"07011004","MQ3591411126",1,NA,4,49,"Male","no pobre"
"07011004","MQ3591511127",1,1500,4,45,"Female","pobre"
"07011004","MQ3591511128",1,NA,5,76,"Male","pobre"
"07011004","MQ3591511129",1,1500,4,74,"Male","pobre"
"07011004","MQ3591511130",1,NA,4,56,"Male","pobre"
"07011004","MQ3591511131",1,NA,8,76,"Male","pobre"
"07011004","MQ3591511132",1,NA,4,35,"Male","pobre"
"07011004","MQ3591511133",1,NA,3,43,"Male","pobre"
"07011004","MQ3591511134",0,NA,6,50,"Male","no pobre"
"07011004","MQ3591511135",0,NA,4,48,"Male","no pobre"
"07011004","MQ3591511136",1,NA,3,59,"Male","pobre"
"07011004","MQ3641411139",1,NA,5,65,"Male","pobre"
"07011004","MQ3641411140",1,NA,4,42,"Male","pobre"
"07011004","MQ3641411141",1,NA,5,66,"Male","pobre"
"07011004","MQ3641411142",1,NA,6,73,"Male","pobre"
"07011004","MQ3641411143",1,6000,5,58,"Male","pobre"
"07011004","MQ3641411144",1,NA,6,57,"Male","pobre"
"07011004","MQ3641411145",1,NA,5,53,"Male","pobre"
"07011004","MQ3641411146",1,NA,5,71,"Male","pobre"
"07011004","MQ3641411147",1,NA,2,51,"Female","no pobre"
"07011004","MQ3641411148",1,NA,5,58,"Male","pobre"
"07011004","MQ3641411149",1,NA,4,34,"Male","pobre"
"07011004","MQ3641411150",1,NA,7,42,"Male","pobre"
"07011004","MQ3641511151",1,NA,5,43,"Male","no pobre"
"07011004","MQ3641511152",1,1800,5,41,"Male","pobre"
"07011004","MQ3641511153",1,NA,5,35,"Male","pobre"
"07011004","MQ3641511154",1,NA,3,41,"Female","no pobre"
"07011004","MQ3641511155",NA,NA,8,83,"Male","pobre"
"07011004","MQ3641511156",1,NA,5,58,"Male","pobre"
"07011004","MQ3641511157",1,NA,7,32,"Male","pobre"
"07011004","MQ3641511158",1,NA,7,59,"Male","pobre"
"07011004","MQ3641511159",1,NA,8,53,"Male","no pobre"
"07011004","MQ3641511160",1,NA,4,40,"Female","no pobre"
"07011004","MQ3841411114",1,NA,3,43,"Female","pobre"
"07011004","MQ3841411115",0,NA,4,27,"Female","pobre"
"07011004","MQ3841411116",1,NA,6,76,"Male","pobre"
"07011004","MQ3841411117",1,NA,5,32,"Male","pobre"
"07011004","MQ3841411118",1,NA,3,66,"Male","pobre"
"07011004","MQ3841411119",1,NA,6,40,"Male","pobre"
"07011004","MQ3841411120",1,NA,3,45,"Male","pobre"
"07011004","MQ3851411129",1,NA,5,41,"Male","pobre"
"07011004","MQ3851411130",1,1200,2,68,"Male","pobre"
"07011004","MQ3851411131",1,NA,3,59,"Female","pobre"
"07011004","MQ3851411132",1,NA,5,39,"Male","pobre"
"07011004","MQ3851411133",0,NA,2,72,"Male","pobre"
"07011004","MQ3851411134",1,NA,5,46,"Male","pobre"
"07011004","MQ3851411135",1,NA,6,34,"Male","pobre"
"07011004","MQ3851411136",NA,NA,2,65,"Female","pobre"
"07011004","MQ3851411137",1,NA,6,43,"Male","no pobre"
"07011004","MQ3851411138",1,NA,3,35,"Male","no pobre"
"07011004","MQ3851411139",1,1500,3,69,"Female","pobre"
"07011004","MQ3851511140",1,NA,6,32,"Male","pobre"
"07011004","MQ3851511141",1,NA,4,51,"Male","pobre"
"07011004","MQ3851511142",1,NA,4,54,"Male","no pobre"
"07011004","MQ3851511143",0,NA,2,26,"Male","no pobre"
"07011004","MQ3851511144",1,NA,3,56,"Male","no pobre"
"07011004","MQ3851511145",1,NA,4,53,"Male","pobre"
"07011004","MQ3851511146",1,NA,3,64,"Male","pobre"
"07011004","MQ3851511147",1,NA,5,31,"Male","pobre"
"07011004","MQ3851511148",1,NA,2,35,"Male","no pobre"
"07011004","MQ3851511149",1,NA,7,54,"Male","pobre"
"07011004","MQ3851511150",1,2400,7,63,"Female","pobre"
"07011004","MQ3851511151",1,1800,3,40,"Female","no pobre"
"07011004","MQ3851611152",1,NA,6,72,"Female","pobre"
"07011004","MQ3851611153",0,9000,5,46,"Male","no pobre"
"07011004","MQ3851611154",1,NA,3,55,"Male","pobre"
"07011004","MQ3851611155",1,NA,6,57,"Male","pobre"
"07011004","MQ3871411112",1,NA,7,48,"Male","pobre"
"07011004","MQ3871411113",1,NA,4,77,"Female","pobre"
"07011004","MQ3871411114",1,NA,6,59,"Male","pobre"
"07011004","MQ3871411115",1,NA,6,60,"Male","pobre"
"07011004","MQ3871411116",1,NA,10,64,"Female","pobre"
"07011004","MQ3871411117",1,NA,2,76,"Male","pobre"
"07011004","MQ3871411118",1,NA,7,61,"Male","pobre"
"07011004","MQ3871411119",0,NA,2,72,"Male","pobre"
"07011004","MQ3871411120",1,NA,5,39,"Female","no pobre"
"07011004","MQ3871511121",1,NA,4,63,"Male","pobre"
"07011004","MQ3871511122",1,NA,2,73,"Male","pobre"
"07011004","MQ3871511123",1,NA,5,25,"Male","pobre"
"07011004","MQ3871511124",1,NA,5,35,"Male","pobre"
"07011004","MQ3871511125",1,NA,6,44,"Male","pobre"
"07011004","MQ3871511126",1,NA,5,41,"Male","no pobre"
"07011004","MQ3871511127",0,NA,1,58,"Male","pobre"
"07011004","MQ3871511128",0,NA,2,58,"Female","pobre"
"07011004","MQ3871511130",0,1200,2,77,"Male","pobre"
"07011004","MQ3871511131",0,NA,4,40,"Male","no pobre"
"07011004","MQ3871511132",1,NA,6,64,"Female","pobre"
"07011004","MQ391151193",1,NA,2,75,"Male","pobre"
"07011004","MQ3921411133",1,300,2,67,"Male","pobre"
"07011004","MQ3921411134",1,NA,4,23,"Male","pobre"
"07011004","MQ3921411135",1,NA,7,42,"Female","pobre"
"07011004","MQ3921411136",0,1400,5,65,"Female","pobre"
"07011004","MQ3921411137",1,NA,1,48,"Female","no pobre"
"07011004","MQ392141152",1,NA,4,54,"Male","no pobre"
"07011004","MQ392141153",1,NA,5,67,"Male","pobre"
"07011004","MQ392141154",1,NA,4,35,"Female","pobre"
"07011004","MQ392141155",1,NA,4,50,"Male","pobre"
"07011004","MQ392141156",1,NA,6,63,"Male","pobre"
"07011004","MQ392151157",1,NA,5,35,"Male","pobre"
"07011004","MQ392151158",1,NA,3,67,"Male","pobre"
"07011004","MQ392151159",0,NA,4,35,"Male","no pobre"
"07011004","MQ392151160",1,NA,4,37,"Female","pobre"
"07011004","MQ392151161",1,NA,7,41,"Male","pobre"
"07011004","MQ392151162",1,NA,2,50,"Male","pobre"
"07011004","MQ392151163",1,800,5,38,"Male","pobre"
"07011004","MQ392151164",0,NA,7,41,"Male","no pobre"
"07011004","MQ392151165",0,1500,7,59,"Male","pobre"
"07011004","MQ392151166",1,NA,3,44,"Male","no pobre"
"07011004","MQ392151167",1,NA,5,32,"Male","pobre"
"07011004","MQ393141152",1,NA,6,52,"Male","no pobre"
"07011004","MQ396161150",0,NA,4,32,"Male","pobre"
"07011004","MQ396161151",1,NA,5,45,"Male","pobre"
"07011004","MQ396161152",1,NA,1,66,"Female","pobre"
"07011004","MQ396161153",0,NA,5,45,"Male","pobre"
"07011004","MQ3991411139",1,NA,5,43,"Female","pobre"
"07011004","MQ3991411140",1,160,2,59,"Female","pobre"
"07011004","MQ3991411141",1,NA,4,35,"Male","pobre"
"07011004","MQ3991411142",1,NA,5,29,"Male","pobre"
"07011004","MQ3991411143",1,NA,5,57,"Male","pobre"
"07011004","MQ3991411144",1,NA,3,67,"Male","pobre"
"07011004","MQ3991411145",1,NA,5,37,"Male","pobre"
"07011004","MQ3991411146",1,NA,5,55,"Male","pobre"
"07011004","MQ3991411147",1,NA,4,72,"Male","pobre"
"07011004","MQ3991411148",1,NA,4,58,"Male","pobre"
"07011004","MQ3991411149",0,NA,4,28,"Male","pobre"
"07011004","MQ3991411150",1,NA,2,60,"Male","pobre"
"07011004","MQ3991511151",0,200,1,63,"Female","pobre"
"07011004","MQ3991511152",1,800,3,50,"Male","pobre"
"07011004","MQ3991511153",1,NA,7,48,"Male","pobre"
"07011004","MQ3991511154",1,NA,3,41,"Female","pobre"
"07011004","MQ3991511155",1,NA,11,64,"Female","pobre"
"07011004","MQ3991511156",1,NA,3,40,"Female","pobre"
"07011004","MQ3991511157",1,NA,5,46,"Female","pobre"
"07011004","MQ3991511158",1,NA,3,94,"Male","pobre"
"07011004","MQ3991511159",1,NA,5,60,"Female","pobre"
"07011004","MQ3991511160",NA,3000,2,67,"Male","pobre"
"07011004","MQ3991611161",1,NA,5,47,"Male","pobre"
"07011004","MQ3991611162",1,NA,6,54,"Male","pobre"
"07011004","MQ4001511139",1,NA,7,57,"Male","pobre"
"07011004","MQ4001511140",1,NA,4,38,"Male","pobre"
"07011004","MQ4001511141",1,NA,4,45,"Male","pobre"
"07011004","MQ4001511142",1,NA,5,35,"Male","pobre"
"07011004","MQ4001511143",1,NA,3,70,"Male","pobre"
"07011004","MQ4001511144",1,NA,7,66,"Male","pobre"
"07011004","MQ4001511145",1,NA,6,38,"Male","pobre"
"07011004","MQ4001511146",1,NA,6,63,"Male","pobre"
"07011004","MQ401141164",1,NA,8,60,"Female","pobre"
"07011004","MQ401141165",1,NA,5,50,"Male","pobre"
"07011004","MQ401141166",1,NA,3,54,"Male","pobre"
"07011004","MQ401141167",1,NA,3,80,"Male","pobre"
"07011004","MQ401141168",1,NA,7,41,"Male","pobre"
"07011004","MQ401141169",1,NA,8,44,"Male","pobre"
"07011004","MQ401141170",1,NA,5,47,"Male","pobre"
"07011004","MQ402141161",1,NA,8,38,"Male","pobre"
"07011004","MQ402141162",1,1600,4,26,"Male","pobre"
"07011004","MQ402141163",1,NA,5,33,"Male","pobre"
"07011004","MQ402141164",1,NA,6,33,"Male","pobre"
"07011004","MQ402141165",0,NA,2,53,"Female","pobre"
"07011004","MQ402141166",1,NA,6,42,"Male","pobre"
"07011004","MQ402141167",0,NA,2,81,"Female","pobre"
"07011004","MQ4061411142",1,NA,11,48,"Male","pobre"
"07011004","MQ4061411143",1,NA,4,73,"Male","pobre"
"07011004","MQ4061411144",1,NA,7,45,"Male","pobre"
"07011004","MQ4061411145",1,1500,4,39,"Male","pobre"
"07011004","MQ4061411146",1,NA,8,32,"Female","pobre"
"07011004","MQ4061411147",1,NA,2,70,"Male","pobre"
"07011004","MQ4061411148",1,NA,8,57,"Male","pobre"
"07011004","MQ4061411149",NA,NA,1,83,"Male","pobre"
"07011004","MQ4061411150",1,NA,6,50,"Male","pobre"
"07011004","MQ4061411151",1,NA,7,61,"Male","pobre"
"07011004","MQ4061411152",1,NA,6,52,"Male","pobre"
"07011004","MQ4061411153",1,NA,5,30,"Male","pobre"
"07011004","MQ4061511154",1,NA,3,55,"Male","no pobre"
"07011004","MQ4061511155",1,NA,4,22,"Male","pobre"
"07011004","MQ4061511156",1,NA,3,77,"Male","pobre"
"07011004","MQ4061511157",1,NA,6,63,"Male","pobre"
"07011004","MQ4061511158",1,NA,5,27,"Male","pobre"
"07011004","MQ4061511159",1,NA,5,49,"Male","pobre"
"07011004","MQ4061511160",0,NA,5,59,"Male","pobre"
"07011004","MQ5021411145",1,NA,1,71,"Female","pobre"
"07011004","MQ5021411146",0,1500,2,55,"Female","pobre"
"07011004","MQ5021411147",1,NA,3,48,"Male","pobre"
"07011004","MQ5021411148",1,2100,3,54,"Female","no pobre"
"07011004","MQ5021411149",1,NA,3,50,"Male","no pobre"
"07011004","MQ5021411150",1,NA,3,43,"Female","no pobre"
"07011004","MQ5021411151",1,NA,7,50,"Male","pobre"
"07011004","MQ5021411152",1,NA,3,45,"Male","pobre"
"07011004","MQ5021411153",1,NA,5,44,"Female","pobre"
"07011004","MQ5021411154",1,NA,4,46,"Male","no pobre"
"07011004","MQ504151164",1,NA,4,37,"Male","pobre"
"07011004","MQ504151165",1,NA,4,68,"Male","pobre"
"07011004","MQ504151166",1,NA,7,53,"Female","pobre"
"07011004","MQ504161167",1,NA,5,55,"Male","pobre"
"07011004","MQ504161168",1,NA,7,47,"Male","pobre"
"07011004","MQ504161169",1,NA,3,75,"Male","no pobre"
"07011004","MQ504161170",1,NA,3,67,"Male","pobre"
"07011004","MQ504161171",0,NA,4,26,"Female","pobre"
"07011019","MQ005131155",1,NA,6,27,"Male","pobre"
"07011019","MQ005131156",1,NA,2,67,"Male","pobre"
"07011019","MQ005131157",0,NA,5,26,"Female","pobre"
"07011019","MQ005131158",1,NA,8,80,"Male","pobre"
"07011019","MQ005131159",1,NA,4,42,"Male","pobre"
"07011019","MQ005131160",1,NA,6,37,"Male","pobre"
"07011019","MQ005131161",1,NA,5,50,"Male","pobre"
"07011019","MQ005131162",1,NA,6,47,"Male","no pobre"
"07011019","MQ033131157",1,NA,3,71,"Male","pobre"
"07011019","MQ033131158",1,NA,4,71,"Male","no pobre"
"07011019","MQ033131159",0,NA,7,40,"Female","pobre"
"07011019","MQ033131160",1,NA,4,33,"Female","pobre"
"07011019","MQ033131161",1,NA,6,43,"Female","pobre"
"07011019","MQ033131162",0,4500,4,25,"Male","pobre"
"07011019","MQ033131163",0,1500,4,29,"Male","pobre"
"07011019","MQ033131164",1,NA,10,36,"Male","pobre"
"07011019","MQ033131165",1,NA,8,67,"Male","pobre"
"07011019","MQ033131166",0,NA,2,79,"Male","pobre"
"07011019","MQ038131156",1,NA,6,45,"Male","pobre"
"07011019","MQ038131157",1,NA,1,57,"Male","pobre"
"07011019","MQ038131158",1,3000,8,47,"Male","pobre"
"07011019","MQ038131159",1,NA,8,68,"Male","pobre"
"07011019","MQ038131160",1,NA,10,33,"Male","pobre"
"07011019","MQ038131161",NA,NA,1,67,"Male","pobre"
"07011019","MQ038131162",1,1500,1,61,"Female","pobre"
"07011019","MQ038131163",1,NA,7,50,"Male","pobre"
"07011019","MQ038131164",NA,NA,3,49,"Male","no pobre"
"07011019","MQ038131165",0,NA,2,26,"Male","pobre"
"07011019","MQ276121156",0,NA,2,77,"Male","pobre"
"07011019","MQ276121157",1,NA,5,57,"Male","no pobre"
"07011019","MQ276121158",0,NA,3,37,"Male","no pobre"
"07011019","MQ276121159",1,1800,5,78,"Male","pobre"
"07011019","MQ276121160",1,NA,9,51,"Male","pobre"
"07011019","MQ276121161",1,1800,4,27,"Male","pobre"
"07011019","MQ276121162",1,NA,5,33,"Male","pobre"
"07011019","MQ290121156",1,NA,2,68,"Male","pobre"
"07011019","MQ290121157",NA,1500,1,66,"Male","pobre"
"07011019","MQ290121158",1,NA,6,40,"Male","pobre"
"07011019","MQ290121159",NA,NA,1,69,"Male","pobre"
"07011019","MQ290121160",1,NA,3,50,"Male","no pobre"
"07011019","MQ290121161",NA,NA,1,65,"Male","pobre"
"07011019","MQ290121162",1,NA,2,26,"Female","pobre"
"07011019","MQ290121163",1,NA,4,51,"Male","pobre"
"07011019","MQ291121155",1,NA,1,61,"Male","pobre"
"07011019","MQ291121156",1,NA,4,30,"Female","pobre"
"07011019","MQ291121157",1,NA,6,48,"Male","pobre"
"07011019","MQ291121158",1,NA,6,56,"Male","pobre"
"07011019","MQ291121159",1,NA,7,27,"Female","pobre"
"07011019","MQ291131160",1,NA,4,27,"Male","pobre"
"07011019","MQ291131161",1,NA,5,63,"Female","pobre"
"07011019","MQ291131162",1,1500,2,73,"Male","pobre"
"07011019","MQ291131163",1,NA,5,36,"Male","pobre"
"07011019","MQ291131164",1,NA,4,35,"Male","pobre"
"07011019","MQ291131165",0,NA,3,39,"Male","no pobre"
"07011019","MQ291131166",1,NA,2,77,"Male","pobre"
"07011019","MQ3581211116",0,9000,3,27,"Female","pobre"
"07011019","MQ3581211117",1,NA,4,44,"Male","pobre"
"07011019","MQ3581211118",1,NA,4,63,"Female","pobre"
"07011019","MQ3581211119",0,NA,3,25,"Male","no pobre"
"07011019","MQ3581211120",1,NA,5,33,"Male","pobre"
"07011019","MQ3581211121",1,1800,6,60,"Female","pobre"
"07011019","MQ3581211122",0,NA,4,40,"Female","pobre"
"07011019","MQ3581211123",1,NA,6,50,"Male","pobre"
"07011019","MQ3581211124",1,NA,4,70,"Male","pobre"
"07011019","MQ3591211111",1,NA,6,35,"Male","pobre"
"07011019","MQ3591211112",0,NA,5,48,"Male","pobre"
"07011019","MQ3591211113",0,NA,3,42,"Male","pobre"
"07011019","MQ3591211114",1,NA,6,38,"Male","pobre"
"07011019","MQ3591211115",1,NA,4,49,"Female","pobre"
"07011019","MQ361121162",0,NA,2,56,"Female","no pobre"
"07011019","MQ361121163",1,NA,4,31,"Female","pobre"
"07011019","MQ361121164",0,NA,3,64,"Male","pobre"
"07011019","MQ361121165",0,NA,3,33,"Male","no pobre"
"07011019","MQ361121166",1,NA,7,57,"Male","pobre"
"07011019","MQ361121167",1,NA,3,26,"Female","no pobre"
"07011019","MQ361121168",1,NA,5,43,"Male","pobre"
"07011019","MQ3641211123",1,NA,6,33,"Male","pobre"
"07011019","MQ3641211125",1,NA,5,29,"Male","pobre"
"07011019","MQ3641211126",0,NA,5,NA,"Male",NA
"07011019","MQ3641211127",0,NA,4,23,"Male","pobre"
"07011019","MQ3641211128",0,NA,2,54,"Male","pobre"
"07011019","MQ3641211129",1,NA,6,57,"Male","pobre"
"07011019","MQ3641211130",1,NA,2,36,"Female","no pobre"
"07011019","MQ3641311131",1,NA,3,64,"Male","pobre"
"07011019","MQ3641311132",1,NA,3,40,"Female","no pobre"
"07011019","MQ3641311133",0,NA,3,60,"Female","pobre"
"07011019","MQ3641311134",1,NA,4,27,"Male","pobre"
"07011019","MQ3641311135",0,NA,2,31,"Male","pobre"
"07011019","MQ3641311136",1,1500,5,28,"Male","pobre"
"07011019","MQ3641311137",0,NA,2,28,"Female","pobre"
"07011019","MQ3841211103",1,NA,5,42,"Male","no pobre"
"07011019","MQ3841211104",1,NA,2,49,"Male","no pobre"
"07011019","MQ3841211105",1,NA,11,79,"Male","pobre"
"07011019","MQ3841211106",1,NA,7,32,"Male","pobre"
"07011019","MQ3841211107",1,NA,5,35,"Male","pobre"
"07011019","MQ3841311108",0,NA,3,28,"Male","pobre"
"07011019","MQ3841311110",1,NA,4,70,"Male","pobre"
"07011019","MQ3841311111",1,NA,4,64,"Male","no pobre"
"07011019","MQ3841311112",1,NA,3,64,"Male","pobre"
"07011019","MQ3841311113",1,NA,5,59,"Male","pobre"
"07011019","MQ3851211115",1,NA,7,58,"Male","pobre"
"07011019","MQ3851211116",1,NA,6,36,"Male","pobre"
"07011019","MQ3851211117",1,1400,6,74,"Male","pobre"
"07011019","MQ3851211118",0,NA,5,39,"Male","no pobre"
"07011019","MQ3851211119",0,NA,4,26,"Male","pobre"
"07011019","MQ3851211120",1,NA,4,49,"Male","no pobre"
"07011019","MQ3851211121",1,NA,6,65,"Male","pobre"
"07011019","MQ3851311122",1,NA,5,52,"Male","pobre"
"07011019","MQ3851311123",1,NA,4,67,"Male","pobre"
"07011019","MQ3851311124",1,NA,6,43,"Male","pobre"
"07011019","MQ3851311125",0,2400,3,26,"Male","no pobre"
"07011019","MQ3851311126",1,NA,3,34,"Male","no pobre"
"07011019","MQ3851311127",1,NA,8,92,"Male","pobre"
"07011019","MQ3851311128",0,NA,7,26,"Male","pobre"
"07011019","MQ3871211100",0,NA,1,74,"Male","pobre"
"07011019","MQ3871211101",1,NA,4,37,"Male","pobre"
"07011019","MQ3871211102",1,NA,6,69,"Male","pobre"
"07011019","MQ3871211103",1,NA,7,34,"Male","pobre"
"07011019","MQ387121198",1,NA,5,49,"Male","pobre"
"07011019","MQ387121199",1,NA,9,48,"Male","pobre"
"07011019","MQ3871311105",0,2100,4,40,"Male","no pobre"
"07011019","MQ3871311106",1,NA,7,70,"Male","pobre"
"07011019","MQ3871311107",1,NA,6,37,"Male","pobre"
"07011019","MQ3871311108",1,NA,1,71,"Male","pobre"
"07011019","MQ3871311109",1,NA,3,60,"Male","pobre"
"07011019","MQ3871311110",1,NA,7,49,"Male","pobre"
"07011019","MQ3871311111",1,NA,9,56,"Female","pobre"
"07011019","MQ390121187",1,NA,3,22,"Female","pobre"
"07011019","MQ390121188",1,NA,6,63,"Male","pobre"
"07011019","MQ390121189",1,NA,4,38,"Male","pobre"
"07011019","MQ390121190",1,NA,8,69,"Male","pobre"
"07011019","MQ390121191",1,NA,5,40,"Male","pobre"
"07011019","MQ391121189",1,NA,1,67,"Female","pobre"
"07011019","MQ391121190",1,NA,5,61,"Male","pobre"
"07011019","MQ391121191",1,NA,16,50,"Male","pobre"
"07011019","MQ391121192",1,NA,10,50,"Male","pobre"
"07011019","MQ3921211120",1,NA,5,68,"Female","pobre"
"07011019","MQ3921211121",0,1500,4,53,"Male","no pobre"
"07011019","MQ3921211122",1,NA,2,71,"Male","pobre"
"07011019","MQ3921211123",1,NA,2,65,"Male","pobre"
"07011019","MQ3921211124",1,NA,2,67,"Male","pobre"
"07011019","MQ3921211125",1,NA,10,51,"Male","pobre"
"07011019","MQ3921311126",1,1500,4,40,"Male","pobre"
"07011019","MQ3921311127",0,1500,7,69,"Male","pobre"
"07011019","MQ3921311128",0,NA,2,89,"Male","pobre"
"07011019","MQ3921311129",1,NA,2,83,"Male","pobre"
"07011019","MQ3921311130",1,NA,7,33,"Male","pobre"
"07011019","MQ3921311131",1,NA,4,35,"Male","pobre"
"07011019","MQ3921311132",1,NA,3,59,"Male","pobre"
"07011019","MQ393121161",1,NA,3,40,"Male","pobre"
"07011019","MQ393121162",0,NA,8,62,"Female","pobre"
"07011019","MQ395121152",1,NA,5,45,"Male","pobre"
"07011019","MQ395121153",1,NA,6,39,"Male","pobre"
"07011019","MQ395121154",1,NA,7,48,"Male","pobre"
"07011019","MQ397121148",1,NA,5,60,"Male","pobre"
"07011019","MQ397121149",1,NA,5,31,"Male","pobre"
"07011019","MQ397121150",1,NA,2,73,"Male","pobre"
"07011019","MQ397121151",0,2000,2,29,"Female","no pobre"
"07011019","MQ397121152",1,NA,4,33,"Male","pobre"
"07011019","MQ398121155",1,NA,3,29,"Male","pobre"
"07011019","MQ398121156",1,NA,3,54,"Male","pobre"
"07011019","MQ398121157",1,NA,4,55,"Male","no pobre"
"07011019","MQ398121158",1,NA,8,47,"Male","pobre"
"07011019","MQ3991211123",1,NA,10,42,"Male","pobre"
"07011019","MQ3991211124",1,NA,5,87,"Female","pobre"
"07011019","MQ3991211125",1,NA,3,56,"Male","pobre"
"07011019","MQ3991211126",0,NA,2,45,"Female","pobre"
"07011019","MQ3991211127",1,NA,2,58,"Female","pobre"
"07011019","MQ3991211128",1,NA,3,41,"Male","pobre"
"07011019","MQ3991211129",0,NA,4,26,"Male","pobre"
"07011019","MQ3991311130",1,NA,10,65,"Female","pobre"
"07011019","MQ3991311131",1,NA,4,29,"Female","pobre"
"07011019","MQ3991311132",1,NA,1,85,"Female","pobre"
"07011019","MQ3991311133",1,NA,5,44,"Male","pobre"
"07011019","MQ3991311134",1,NA,7,47,"Female","pobre"
"07011019","MQ3991311135",1,NA,10,42,"Male","pobre"
"07011019","MQ3991311136",0,NA,3,31,"Male","pobre"
"07011019","MQ3991311137",1,NA,3,69,"Male","pobre"
"07011019","MQ3991311138",NA,NA,5,36,"Male","pobre"
"07011019","MQ4001211118",1,NA,9,46,"Male","pobre"
"07011019","MQ4001211119",1,NA,5,33,"Male","pobre"
"07011019","MQ4001211120",0,NA,2,65,"Male","pobre"
"07011019","MQ4001211121",1,NA,5,28,"Male","pobre"
"07011019","MQ4001211122",0,NA,4,25,"Male","pobre"
"07011019","MQ4001211123",1,NA,9,60,"Male","pobre"
"07011019","MQ4001311125",1,NA,3,51,"Female","pobre"
"07011019","MQ4001311126",0,NA,1,53,"Male","pobre"
"07011019","MQ4001311127",0,NA,4,45,"Female","pobre"
"07011019","MQ4001311128",1,NA,7,57,"Male","pobre"
"07011019","MQ4001311129",1,NA,8,64,"Female","pobre"
"07011019","MQ4001311130",1,NA,9,72,"Male","pobre"
"07011019","MQ4001411131",1,NA,5,28,"Male","pobre"
"07011019","MQ4001411132",0,NA,1,45,"Male","pobre"
"07011019","MQ4001411133",1,NA,10,42,"Male","pobre"
"07011019","MQ4001411134",0,NA,2,66,"Male","pobre"
"07011019","MQ4001411135",1,NA,3,56,"Male","pobre"
"07011019","MQ4001411136",0,NA,1,55,"Male","pobre"
"07011019","MQ4001411137",0,4500,1,33,"Male","pobre"
"07011019","MQ402131154",NA,NA,5,61,"Male","pobre"
"07011019","MQ402131155",1,NA,4,81,"Male","pobre"
"07011019","MQ402131156",1,NA,6,35,"Male","pobre"
"07011019","MQ402131157",1,NA,10,82,"Male","pobre"
"07011019","MQ402131158",1,NA,2,64,"Female","pobre"
"07011019","MQ402131159",1,NA,8,41,"Male","pobre"
"07011019","MQ402131160",0,1500,3,28,"Male","pobre"
"07011019","MQ404121159",1,NA,8,71,"Male","pobre"
"07011019","MQ404121160",1,NA,5,46,"Male","pobre"
"07011019","MQ404121161",1,NA,3,48,"Female","pobre"
"07011019","MQ404121162",1,NA,11,36,"Male","pobre"
"07011019","MQ4061211127",1,NA,11,42,"Male","pobre"
"07011019","MQ4061211128",1,NA,4,35,"Male","pobre"
"07011019","MQ4061211129",1,NA,7,49,"Male","pobre"
"07011019","MQ4061211130",1,2400,9,49,"Male","pobre"
"07011019","MQ4061211131",0,2400,4,63,"Male","no pobre"
"07011019","MQ4061211132",1,NA,5,34,"Male","pobre"
"07011019","MQ4061311133",1,NA,5,30,"Male","pobre"
"07011019","MQ4061311134",NA,NA,3,36,"Male","pobre"
"07011019","MQ4061311135",1,NA,9,41,"Male","pobre"
"07011019","MQ4061311136",1,NA,1,77,"Female","pobre"
"07011019","MQ4061311137",1,NA,4,69,"Male","no pobre"
"07011019","MQ4061311138",1,NA,6,46,"Male","no pobre"
"07011019","MQ4061311139",1,NA,4,60,"Male","pobre"
"07011019","MQ4061311140",NA,NA,4,47,"Male","no pobre"
"07011019","MQ4061311141",1,2400,2,67,"Male","pobre"
"07011019","MQ5021211128",1,NA,5,38,"Male","pobre"
"07011019","MQ5021211129",1,NA,7,34,"Male","pobre"
"07011019","MQ5021211130",0,NA,5,75,"Male","pobre"
"07011019","MQ5021211131",1,1500,6,41,"Male","pobre"
"07011019","MQ5021211132",1,1500,6,28,"Male","pobre"
"07011019","MQ5021311133",1,NA,2,46,"Female","pobre"
"07011019","MQ5021311134",1,NA,2,24,"Female","no pobre"
"07011019","MQ5021311135",1,NA,11,46,"Male","pobre"
"07011019","MQ5021311136",0,NA,6,53,"Female","pobre"
"07011019","MQ5021311137",0,NA,4,36,"Male","no pobre"
"07011019","MQ5021311138",0,5000,6,55,"Male","pobre"
"07011019","MQ5021311139",1,NA,3,72,"Male","pobre"
"07011019","MQ5021311140",1,NA,4,65,"Female","pobre"
"07011019","MQ5021311141",1,NA,3,30,"Male","pobre"
"07011019","MQ5021311142",1,NA,4,58,"Male","pobre"
"07011019","MQ5021311143",1,1500,12,52,"Female","pobre"
"07011019","MQ5021311144",1,1500,10,59,"Male","pobre"
"07015003","MQ088121190",1,NA,4,70,"Male","pobre"
"07015003","MQ088121191",1,NA,6,32,"Male","pobre"
"07015003","MQ088121192",1,1050,7,42,"Male","pobre"
"07015003","MQ088121193",1,NA,3,79,"Male","pobre"
"07015003","MQ088121195",1,900,2,76,"Male","pobre"
"07015003","MQ088121196",0,NA,2,31,"Male","no pobre"
"07015003","MQ088121197",1,NA,7,58,"Male","pobre"
"07015003","MQ0881311100",0,NA,1,40,"Male","no pobre"
"07015003","MQ0881311101",1,NA,4,47,"Male","no pobre"
"07015003","MQ0881311102",1,900,7,42,"Male","no pobre"
"07015003","MQ0881311103",0,NA,1,60,"Female","no pobre"
"07015003","MQ0881311105",0,NA,1,16,"Female","pobre"
"07015003","MQ0881311106",1,NA,2,33,"Female","no pobre"
"07015003","MQ0881311107",1,1000,4,64,"Female","pobre"
"07015003","MQ088131198",0,NA,3,24,"Male","pobre"
"07015003","MQ088131199",1,NA,3,44,"Female","pobre"
"07015003","MQ0881411108",1,NA,5,70,"Male","pobre"
"07015003","MQ0881411109",1,NA,8,62,"Male","pobre"
"07015003","MQ0881411110",1,1500,7,76,"Male","pobre"
"07015003","MQ0881411111",0,NA,6,45,"Male","pobre"
"07015003","MQ0881411112",1,900,4,35,"Male","pobre"
"07015003","MQ0881411113",1,1500,4,52,"Male","no pobre"
"07015003","MQ0901211101",0,1800,3,33,"Female","no pobre"
"07015003","MQ0901211102",0,NA,1,54,"Male","pobre"
"07015003","MQ0901211103",1,NA,6,52,"Male","pobre"
"07015003","MQ090121196",1,2100,3,83,"Female","pobre"
"07015003","MQ090121197",1,NA,9,56,"Male","pobre"
"07015003","MQ090121198",1,NA,6,59,"Female","pobre"
"07015003","MQ090121199",1,NA,7,59,"Male","pobre"
"07015003","MQ0901311105",0,NA,4,35,"Male","pobre"
"07015003","MQ0901311106",1,NA,8,58,"Male","pobre"
"07015003","MQ0901311107",0,NA,2,38,"Male","pobre"
"07015003","MQ0901311108",1,NA,3,51,"Male","no pobre"
"07015003","MQ0901311110",1,NA,7,45,"Male","pobre"
"07015003","MQ0901311111",0,NA,1,64,"Female","pobre"
"07015003","MQ0901311112",1,1200,4,43,"Male","no pobre"
"07015003","MQ0901411114",1,1500,8,54,"Male","pobre"
"07015003","MQ0901411115",1,NA,6,29,"Male","pobre"
"07015003","MQ0901411116",1,NA,8,60,"Male","pobre"
"07015003","MQ0901411117",1,NA,6,50,"Male","pobre"
"07015003","MQ0901411118",1,NA,4,60,"Male","pobre"
"07015003","MQ0901411119",0,5000,4,52,"Male","no pobre"
"07015003","MQ0901411120",1,1000,2,76,"Male","pobre"
"07015003","MQ0901411121",1,NA,10,81,"Male","pobre"
"07015003","MQ0971311104",1,NA,6,40,"Male","no pobre"
"07015003","MQ0971311106",1,NA,8,48,"Male","pobre"
"07015003","MQ0971311107",0,3900,1,35,"Male","no pobre"
"07015003","MQ0971311108",1,NA,8,60,"Male","pobre"
"07015003","MQ0971311109",1,NA,6,45,"Male","pobre"
"07015003","MQ0971311110",0,NA,5,31,"Male","pobre"
"07015003","MQ0971311111",1,NA,8,56,"Male","no pobre"
"07015003","MQ0971311112",0,NA,2,46,"Female","pobre"
"07015003","MQ0971311113",1,NA,2,68,"Female","pobre"
"07015003","MQ0971311114",1,NA,3,29,"Male","no pobre"
"07015003","MQ0971411115",1,NA,3,76,"Male","pobre"
"07015003","MQ0971411116",1,NA,11,76,"Male","pobre"
"07015003","MQ0971411117",1,NA,5,55,"Male","no pobre"
"07015003","MQ0971411118",1,NA,3,34,"Male","pobre"
"07015003","MQ0971411120",0,1050,3,30,"Male","pobre"
"07015003","MQ102121182",1,NA,1,43,"Male","pobre"
"07015003","MQ102121184",1,NA,6,50,"Male","no pobre"
"07015003","MQ102121185",1,NA,9,67,"Male","pobre"
"07015003","MQ102121186",1,NA,5,41,"Male","pobre"
"07015003","MQ102121187",1,NA,2,86,"Male","no pobre"
"07015003","MQ102121188",0,NA,6,73,"Male","pobre"
"07015003","MQ102131189",1,NA,2,51,"Female","pobre"
"07015003","MQ102131190",1,NA,6,42,"Male","no pobre"
"07015003","MQ102131191",1,NA,6,45,"Male","pobre"
"07015003","MQ102131192",0,NA,5,45,"Male","no pobre"
"07015003","MQ102131193",1,NA,8,83,"Male","pobre"
"07015003","MQ102131194",0,NA,3,46,"Female","pobre"
"07015003","MQ102131195",1,NA,4,59,"Male","pobre"
"07015003","MQ102131196",1,NA,4,55,"Female","pobre"
"07015003","MQ102131197",1,1200,7,49,"Male","pobre"
"07015003","MQ1021411100",1,NA,2,64,"Female","pobre"
"07015003","MQ1021411101",1,NA,3,40,"Female","no pobre"
"07015003","MQ1021411103",1,NA,8,57,"Male","pobre"
"07015003","MQ1021411104",0,1500,1,40,"Male","pobre"
"07015003","MQ102141198",1,NA,3,67,"Male","pobre"
"07015003","MQ102141199",1,NA,5,38,"Male","pobre"
"07015003","MQ1021511106",1,3000,5,69,"Male","pobre"
"07015003","MQ112131155",0,NA,6,46,"Female","pobre"
"07015003","MQ112131156",1,NA,2,48,"Female","pobre"
"07015003","MQ112131157",0,NA,7,33,"Male","pobre"
"07015003","MQ112131158",0,NA,6,44,"Female","pobre"
"07015003","MQ112131159",1,NA,7,27,"Female","pobre"
"07015003","MQ112131160",0,NA,3,49,"Female","pobre"
"07015003","MQ112131161",0,NA,7,33,"Female","pobre"
"07015003","MQ112131162",1,NA,3,64,"Female","pobre"
"07015003","MQ112131163",1,NA,4,36,"Male","pobre"
"07015003","MQ112131164",1,NA,4,50,"Male","pobre"
"07015003","MQ1151311100",NA,NA,3,31,"Male","no pobre"
"07015003","MQ1151311101",1,600,6,37,"Female","pobre"
"07015003","MQ1151311102",1,NA,3,64,"Male","pobre"
"07015003","MQ1151311103",1,NA,3,41,"Female","pobre"
"07015003","MQ1151311104",1,NA,8,41,"Male","pobre"
"07015003","MQ1151311105",1,1500,3,63,"Female","pobre"
"07015003","MQ115131192",1,NA,3,37,"Female","no pobre"
"07015003","MQ115131193",NA,NA,2,46,"Female","pobre"
"07015003","MQ115131194",1,NA,4,82,"Female","pobre"
"07015003","MQ115131195",1,NA,3,45,"Female","pobre"
"07015003","MQ115131196",1,NA,4,35,"Male","pobre"
"07015003","MQ115131197",1,NA,3,41,"Female","no pobre"
"07015003","MQ115131198",1,NA,5,38,"Male","pobre"
"07015003","MQ115131199",1,NA,6,51,"Male","pobre"
"07015003","MQ1151411106",0,1500,1,41,"Male","no pobre"
"07015003","MQ1151411107",1,NA,3,23,"Female","pobre"
"07015003","MQ1151411108",1,NA,6,36,"Male","pobre"
"07015003","MQ1151411109",1,NA,3,51,"Male","pobre"
"07015003","MQ1151411110",1,NA,4,32,"Male","pobre"
"07015003","MQ1231311100",0,NA,4,43,"Male","pobre"
"07015003","MQ1231311101",1,5000,5,55,"Male","pobre"
"07015003","MQ1231311102",1,NA,4,75,"Female","pobre"
"07015003","MQ123131195",1,1500,6,46,"Male","pobre"
"07015003","MQ123131196",1,NA,5,38,"Male","pobre"
"07015003","MQ123131197",1,NA,8,43,"Male","pobre"
"07015003","MQ123131198",1,NA,4,86,"Female","pobre"
"07015003","MQ123131199",1,NA,4,76,"Male","pobre"
"07015003","MQ1231411103",1,NA,4,53,"Male","pobre"
"07015003","MQ1231411104",1,NA,7,96,"Female","pobre"
"07015003","MQ1231411105",1,NA,1,61,"Female","pobre"
"07015003","MQ1231411106",0,NA,4,22,"Female","pobre"
"07015003","MQ1231411107",1,NA,12,50,"Male","pobre"
"07015003","MQ1231411108",0,7600,3,41,"Female","no pobre"
"07015003","MQ132131151",1,NA,2,69,"Female","pobre"
"07015003","MQ132131152",0,NA,3,30,"Male","pobre"
"07015003","MQ132131153",1,NA,3,71,"Male","pobre"
"07015003","MQ132131154",1,NA,9,51,"Male","pobre"
"07015003","MQ132131155",1,2400,9,41,"Male","pobre"
"07015003","MQ1371211103",1,900,5,44,"Male","pobre"
"07015003","MQ1371211104",1,NA,6,32,"Male","pobre"
"07015003","MQ1371211105",1,NA,5,50,"Female","pobre"
"07015003","MQ1371211106",1,NA,7,45,"Male","no pobre"
"07015003","MQ1371211107",1,NA,4,52,"Male","no pobre"
"07015003","MQ1371211108",1,NA,4,37,"Male","no pobre"
"07015003","MQ1371211109",1,NA,5,21,"Female","pobre"
"07015003","MQ1371311110",1,NA,4,35,"Male","pobre"
"07015003","MQ1371311111",1,NA,4,34,"Male","pobre"
"07015003","MQ1371311112",0,NA,10,76,"Male","pobre"
"07015003","MQ1371311113",1,NA,4,80,"Male","pobre"
"07015003","MQ1371311114",0,NA,6,37,"Male","pobre"
"07015003","MQ1371311116",1,NA,5,59,"Male","pobre"
"07015003","MQ1371311117",0,NA,4,52,"Male","no pobre"
"07015003","MQ1371311118",0,900,6,44,"Male","pobre"
"07015003","MQ1371411119",0,NA,5,63,"Male","pobre"
"07015003","MQ1371411120",1,1350,5,52,"Male","pobre"
"07015003","MQ1371411121",1,NA,14,79,"Male","pobre"
"07015003","MQ1371411122",1,NA,5,42,"Male","pobre"
"07015003","MQ1371411123",1,NA,5,67,"Male","pobre"
"07015003","MQ1371411124",1,NA,3,44,"Female","pobre"
"07015003","MQ1371411125",1,900,2,44,"Male","no pobre"
"07015003","MQ1371411126",0,NA,4,45,"Male","pobre"
"07015003","MQ1371411127",1,NA,2,48,"Male","no pobre"
"07015003","MQ139131150",1,1200,6,36,"Male","pobre"
"07015003","MQ139131151",1,NA,9,51,"Male","pobre"
"07015003","MQ139131152",0,NA,5,35,"Male","pobre"
"07015003","MQ139131153",1,NA,2,57,"Male","pobre"
"07015003","MQ139131154",1,NA,3,30,"Male","pobre"
"07015003","MQ139131155",1,NA,3,66,"Male","pobre"
"07015003","MQ139131156",1,1500,4,54,"Male","pobre"
"07015003","MQ139131157",1,900,3,62,"Male","pobre"
"07015003","MQ139131158",0,NA,5,71,"Male","pobre"
"07015003","MQ139131159",1,NA,4,33,"Male","pobre"
"07015003","MQ1411211102",1,NA,4,56,"Male","pobre"
"07015003","MQ1411211103",1,NA,3,45,"Male","pobre"
"07015003","MQ1411211104",1,NA,4,69,"Male","pobre"
"07015003","MQ1411211105",1,NA,2,45,"Female","no pobre"
"07015003","MQ1411211106",1,720,1,63,"Female","pobre"
"07015003","MQ1411211107",1,NA,2,54,"Male","no pobre"
"07015003","MQ1411211109",1,NA,4,78,"Male","pobre"
"07015003","MQ1411311110",0,NA,4,76,"Male","pobre"
"07015003","MQ1411311111",1,NA,8,85,"Female","pobre"
"07015003","MQ1411311112",0,NA,6,41,"Male","pobre"
"07015003","MQ1411311113",1,NA,3,57,"Male","pobre"
"07015003","MQ1411311114",1,NA,7,66,"Male","pobre"
"07015003","MQ1411311115",1,NA,3,59,"Male","pobre"
"07015003","MQ1411311116",0,NA,3,32,"Female","pobre"
"07015003","MQ1411311117",0,2400,3,25,"Male","no pobre"
"07015003","MQ1411311118",1,NA,2,66,"Male","pobre"
"07015003","MQ1411311119",1,NA,2,47,"Female","no pobre"
"07015003","MQ1411311120",1,NA,4,36,"Male","pobre"
"07015003","MQ1411311121",1,1000,1,42,"Female","no pobre"
"07015003","MQ1411411123",1,NA,1,59,"Female","pobre"
"07015003","MQ1411411124",1,NA,4,52,"Male","pobre"
"07015003","MQ1411411125",1,NA,4,82,"Female","pobre"
"07015003","MQ1411411126",1,NA,7,54,"Male","pobre"
"07015003","MQ1411411127",0,NA,4,64,"Female","pobre"
"07015003","MQ1411411128",0,960,4,34,"Male","pobre"
"07015003","MQ1451311105",1,NA,5,72,"Male","pobre"
"07015003","MQ1451311106",1,NA,4,36,"Male","pobre"
"07015003","MQ1451311107",1,NA,4,41,"Male","pobre"
"07015003","MQ1451311108",1,NA,8,63,"Male","pobre"
"07015003","MQ1451311109",1,NA,5,45,"Male","pobre"
"07015003","MQ1451311110",0,NA,4,24,"Female","pobre"
"07015003","MQ1451311111",1,NA,3,62,"Male","pobre"
"07015003","MQ1451311112",0,NA,7,43,"Male","pobre"
"07015003","MQ1451311113",0,400,2,47,"Female","pobre"
"07015003","MQ1451311114",1,NA,5,74,"Male","pobre"
"07015003","MQ1451311115",1,NA,4,65,"Male","pobre"
"07015003","MQ1451411116",1,NA,3,65,"Male","pobre"
"07015003","MQ1451411117",0,NA,5,77,"Male","pobre"
"07015003","MQ1451411118",0,NA,1,62,"Male","pobre"
"07015003","MQ1451411119",1,NA,4,40,"Female","pobre"
"07015003","MQ1451411121",1,3000,5,43,"Male","no pobre"
"07015003","MQ1451411122",1,1600,6,64,"Male","no pobre"
"07015003","MQ149131149",0,800,2,21,"Female","no pobre"
"07015003","MQ149131150",1,NA,6,42,"Male","pobre"
"07015003","MQ149131151",0,NA,8,68,"Male","pobre"
"07015003","MQ149131152",1,NA,4,39,"Male","pobre"
"07015003","MQ149131153",1,NA,4,50,"Male","no pobre"
"07015003","MQ149131154",1,NA,6,48,"Male","no pobre"
"07015003","MQ151121182",1,NA,4,42,"Male","pobre"
"07015003","MQ151121183",1,NA,3,48,"Male","pobre"
"07015003","MQ151121184",0,NA,7,50,"Male","pobre"
"07015003","MQ151121185",1,NA,6,80,"Male","pobre"
"07015003","MQ151121186",1,NA,5,71,"Male","pobre"
"07015003","MQ151121187",1,NA,5,46,"Female","no pobre"
"07015003","MQ151121188",0,NA,2,57,"Male","no pobre"
"07015003","MQ151121189",0,NA,5,50,"Male","pobre"
"07015003","MQ151131190",1,NA,3,68,"Female","pobre"
"07015003","MQ151131191",0,27000,4,54,"Male","pobre"
"07015003","MQ151131192",1,NA,5,44,"Male","pobre"
"07015003","MQ151131193",0,900,3,62,"Male","pobre"
"07015003","MQ151131194",0,NA,3,30,"Male","no pobre"
"07015003","MQ151131195",1,NA,4,40,"Male","no pobre"
"07015003","MQ151131196",0,NA,3,40,"Female","pobre"
"07015003","MQ151131197",1,NA,4,58,"Male","no pobre"
"07015003","MQ151131198",1,NA,5,57,"Male","pobre"
"07015003","MQ151131199",1,NA,9,44,"Male","pobre"
"07015003","MQ1511411101",1,NA,3,72,"Male","pobre"
"07015003","MQ1511411102",1,NA,3,26,"Male","pobre"
"07015003","MQ1511411103",1,NA,5,59,"Male","pobre"
"07015003","MQ1511411104",1,NA,4,40,"Male","no pobre"
"07015003","MQ155131154",0,NA,4,36,"Male","no pobre"
"07015003","MQ155131155",1,900,5,50,"Male","pobre"
"07015003","MQ155131156",0,NA,5,50,"Male","pobre"
"07015003","MQ155131157",1,NA,8,22,"Male","pobre"
"07015003","MQ155131158",1,NA,6,49,"Male","no pobre"
"07015003","MQ155131159",1,NA,3,61,"Male","pobre"
"07015003","MQ155131160",0,NA,5,29,"Male","pobre"
"07015003","MQ155131161",1,NA,1,54,"Female","pobre"
"07015003","MQ155131162",1,NA,3,39,"Female","pobre"
"07015003","MQ155131163",0,NA,4,37,"Female","no pobre"
"07015003","MQ1661311101",1,NA,4,29,"Male","pobre"
"07015003","MQ1661311102",1,NA,4,48,"Male","no pobre"
"07015003","MQ1661311103",0,1500,3,25,"Male","pobre"
"07015003","MQ1661311104",0,900,4,41,"Male","pobre"
"07015003","MQ1661311105",1,2600,4,63,"Female","no pobre"
"07015003","MQ1661311106",1,NA,4,35,"Male","pobre"
"07015003","MQ1661311108",1,NA,6,53,"Male","no pobre"
"07015003","MQ1661311109",0,NA,3,26,"Male","pobre"
"07015003","MQ1661311110",0,NA,5,55,"Male","pobre"
"07015003","MQ1661411111",1,NA,2,62,"Male","no pobre"
"07015003","MQ1661411112",1,900,10,57,"Male","pobre"
"07015003","MQ1661411113",1,1000,4,69,"Male","pobre"
"07015003","MQ1661411114",1,NA,3,61,"Male","pobre"
"07015003","MQ1661411115",0,NA,4,48,"Male","no pobre"
"07015003","MQ1661411116",1,NA,8,44,"Male","pobre"
"07015003","MQ1661411117",1,NA,3,78,"Male","pobre"
"07015003","MQ1661411118",0,NA,1,60,"Male","pobre"
"07015035","MQ088101183",1,NA,3,59,"Male","no pobre"
"07015035","MQ088101184",1,NA,10,39,"Male","pobre"
"07015035","MQ088101185",1,NA,8,54,"Male","pobre"
"07015035","MQ088101186",1,NA,4,28,"Male","pobre"
"07015035","MQ088101187",1,NA,2,45,"Female","no pobre"
"07015035","MQ088101188",1,NA,4,45,"Female","pobre"
"07015035","MQ088101189",1,NA,2,57,"Male","pobre"
"07015035","MQ090101189",1,NA,9,43,"Male","pobre"
"07015035","MQ090101190",1,NA,7,47,"Male","pobre"
"07015035","MQ090101191",1,NA,7,40,"Male","pobre"
"07015035","MQ090101192",0,NA,3,54,"Male","no pobre"
"07015035","MQ090101193",1,NA,7,62,"Male","pobre"
"07015035","MQ090101195",1,NA,3,60,"Male","no pobre"
"07015035","MQ0971011100",1,NA,5,65,"Male","pobre"
"07015035","MQ097101194",1,NA,2,43,"Female","no pobre"
"07015035","MQ097101196",1,NA,4,31,"Male","no pobre"
"07015035","MQ097101197",1,NA,4,60,"Male","no pobre"
"07015035","MQ097101198",1,NA,7,34,"Male","pobre"
"07015035","MQ097101199",0,2000,3,31,"Male","pobre"
"07015035","MQ0971211102",0,NA,3,25,"Female","pobre"
"07015035","MQ0971211103",0,3000,8,32,"Male","pobre"
"07015035","MQ102101176",1,NA,7,52,"Male","pobre"
"07015035","MQ102101177",1,NA,3,85,"Male","pobre"
"07015035","MQ102101178",1,NA,3,60,"Male","pobre"
"07015035","MQ102101179",1,NA,11,57,"Male","pobre"
"07015035","MQ102101180",1,1500,4,32,"Male","pobre"
"07015035","MQ102101181",1,1800,4,28,"Female","pobre"
"07015035","MQ103101149",1,1800,7,69,"Male","pobre"
"07015035","MQ103101150",1,NA,5,72,"Male","pobre"
"07015035","MQ103101151",1,1200,6,48,"Female","pobre"
"07015035","MQ103101152",1,NA,6,50,"Male","pobre"
"07015035","MQ103101153",1,NA,4,48,"Male","pobre"
"07015035","MQ108101142",1,NA,5,60,"Female","pobre"
"07015035","MQ108101143",1,NA,4,53,"Female","no pobre"
"07015035","MQ108101144",1,NA,2,48,"Female","no pobre"
"07015035","MQ109101142",1,NA,8,31,"Male","pobre"
"07015035","MQ109101143",0,8000,7,47,"Female","pobre"
"07015035","MQ109101144",0,NA,5,60,"Male","pobre"
"07015035","MQ109101145",1,NA,4,62,"Female","pobre"
"07015035","MQ112101149",0,NA,3,42,"Male","pobre"
"07015035","MQ112101150",1,NA,5,69,"Male","pobre"
"07015035","MQ112101151",0,NA,5,36,"Male","pobre"
"07015035","MQ112101152",0,NA,1,68,"Male","pobre"
"07015035","MQ112101153",1,NA,6,45,"Female","pobre"
"07015035","MQ115101184",1,NA,5,45,"Male","pobre"
"07015035","MQ115101185",1,NA,4,69,"Female","pobre"
"07015035","MQ115101186",NA,NA,2,57,"Male","no pobre"
"07015035","MQ115101187",1,1800,5,39,"Male","pobre"
"07015035","MQ115101188",1,1500,2,50,"Male","no pobre"
"07015035","MQ115101189",1,1500,4,53,"Male","no pobre"
"07015035","MQ115121190",1,NA,8,43,"Male","pobre"
"07015035","MQ115121191",1,NA,2,55,"Female","no pobre"
"07015035","MQ123101185",1,NA,6,80,"Male","pobre"
"07015035","MQ123101186",1,400,2,66,"Female","pobre"
"07015035","MQ123101187",1,NA,8,47,"Male","pobre"
"07015035","MQ123101188",0,NA,8,67,"Male","pobre"
"07015035","MQ123101189",1,NA,5,40,"Female","pobre"
"07015035","MQ123101190",0,NA,5,39,"Male","pobre"
"07015035","MQ123101191",1,1950,3,46,"Female","pobre"
"07015035","MQ123101192",0,NA,1,48,"Male","pobre"
"07015035","MQ123121193",1,NA,2,64,"Male","pobre"
"07015035","MQ127101150",1,NA,5,40,"Male","pobre"
"07015035","MQ127101151",0,NA,3,39,"Female","pobre"
"07015035","MQ127101152",1,NA,10,62,"Male","pobre"
"07015035","MQ127101153",0,NA,3,25,"Male","pobre"
"07015035","MQ127101154",1,NA,5,29,"Male","pobre"
"07015035","MQ127101155",1,NA,10,36,"Male","pobre"
"07015035","MQ132101146",1,NA,7,50,"Male","pobre"
"07015035","MQ132101147",1,NA,4,34,"Male","pobre"
"07015035","MQ132101148",0,1500,1,56,"Male","pobre"
"07015035","MQ132101149",1,NA,7,50,"Male","pobre"
"07015035","MQ132101150",1,NA,4,71,"Male","pobre"
"07015035","MQ1371011100",1,NA,5,43,"Male","pobre"
"07015035","MQ1371011101",0,NA,5,32,"Male","pobre"
"07015035","MQ1371011102",1,NA,5,36,"Male","pobre"
"07015035","MQ137101196",1,NA,6,38,"Male","pobre"
"07015035","MQ137101197",0,NA,4,29,"Male","pobre"
"07015035","MQ137101198",1,NA,8,44,"Male","pobre"
"07015035","MQ137101199",1,NA,6,56,"Male","pobre"
"07015035","MQ138101150",1,NA,6,37,"Male","pobre"
"07015035","MQ138101151",1,NA,9,69,"Male","pobre"
"07015035","MQ138101152",0,NA,7,92,"Female","pobre"
"07015035","MQ139101144",1,NA,3,61,"Female","pobre"
"07015035","MQ139101145",0,160,1,77,"Male","pobre"
"07015035","MQ139101146",1,NA,3,55,"Male","pobre"
"07015035","MQ139101147",1,NA,8,43,"Male","pobre"
"07015035","MQ139101149",1,NA,5,45,"Male","pobre"
"07015035","MQ1411011100",0,NA,3,56,"Female","pobre"
"07015035","MQ1411011101",0,NA,9,79,"Male","pobre"
"07015035","MQ141101195",1,1400,7,35,"Male","pobre"
"07015035","MQ141101196",0,NA,2,24,"Male","pobre"
"07015035","MQ141101197",0,NA,4,32,"Male","pobre"
"07015035","MQ141101198",1,NA,6,49,"Male","pobre"
"07015035","MQ141101199",0,1440,1,42,"Male","pobre"
"07015035","MQ1451011100",0,NA,3,75,"Female","pobre"
"07015035","MQ1451011101",1,NA,5,54,"Male","no pobre"
"07015035","MQ145101196",1,NA,3,42,"Female","pobre"
"07015035","MQ145101197",1,NA,3,67,"Male","pobre"
"07015035","MQ145101198",1,NA,6,57,"Female","pobre"
"07015035","MQ145101199",1,NA,6,84,"Male","pobre"
"07015035","MQ1451211102",1,NA,5,63,"Male","pobre"
"07015035","MQ1451211104",1,NA,4,19,"Male","pobre"
"07015035","MQ149101144",1,NA,8,60,"Male","pobre"
"07015035","MQ149101145",1,NA,6,40,"Male","pobre"
"07015035","MQ149101146",1,NA,4,55,"Male","pobre"
"07015035","MQ149101147",0,NA,3,30,"Male","pobre"
"07015035","MQ149101148",1,900,1,56,"Female","pobre"
"07015035","MQ151101175",1,NA,4,67,"Male","pobre"
"07015035","MQ151101176",1,NA,3,68,"Male","pobre"
"07015035","MQ151101177",0,2100,2,33,"Male","pobre"
"07015035","MQ151101178",0,NA,1,28,"Male","pobre"
"07015035","MQ151101179",1,NA,10,38,"Male","pobre"
"07015035","MQ151101180",0,NA,4,72,"Female","pobre"
"07015035","MQ151101181",1,900,2,63,"Male","pobre"
"07015035","MQ155101147",0,NA,1,62,"Male","pobre"
"07015035","MQ155101148",1,NA,7,67,"Female","pobre"
"07015035","MQ155101149",1,NA,6,58,"Male","pobre"
"07015035","MQ155101150",1,NA,8,32,"Male","pobre"
"07015035","MQ155101151",0,NA,5,27,"Female","pobre"
"07015035","MQ155101152",1,NA,7,56,"Male","pobre"
"07015035","MQ155101153",1,NA,7,66,"Male","pobre"
"07015035","MQ159101150",1,NA,3,62,"Male","pobre"
"07015035","MQ159101152",0,NA,4,22,"Female","pobre"
"07015035","MQ159101153",1,NA,4,62,"Male","pobre"
"07015035","MQ166101191",1,NA,4,50,"Male","pobre"
"07015035","MQ166101192",1,NA,3,62,"Male","pobre"
"07015035","MQ166101193",1,NA,7,66,"Male","pobre"
"07015035","MQ166101194",0,NA,5,31,"Male","pobre"
"07015035","MQ166101195",0,NA,5,64,"Male","pobre"
"07015035","MQ166101196",1,NA,2,56,"Male","pobre"
"07015035","MQ1661211100",1,900,4,53,"Female","pobre"
"07015035","MQ166121197",0,NA,4,40,"Male","pobre"
"07015035","MQ166121198",0,NA,1,45,"Male","pobre"
"07015035","MQ166121199",0,NA,1,53,"Male","pobre"
"07015038","MQ088081182",0,2100,3,45,"Male","no pobre"
"07015038","MQ090071174",0,NA,5,40,"Male","pobre"
"07015038","MQ090081176",1,NA,6,73,"Female","pobre"
"07015038","MQ090091186",0,NA,2,60,"Male","pobre"
"07015038","MQ097071185",1,NA,6,64,"Male","pobre"
"07015038","MQ102081172",0,1200,5,30,"Male","pobre"
"07015038","MQ112101148",0,NA,5,18,"Male","pobre"
"07015038","MQ123071170",1,NA,5,61,"Male","pobre"
"07015038","MQ123071176",1,NA,4,45,"Male","pobre"
"07015038","MQ137081184",0,NA,5,78,"Male","pobre"
"07015038","MQ137081188",NA,NA,1,32,"Male","pobre"
"07015038","MQ137091191",1,NA,4,41,"Male","pobre"
"07015038","MQ137091194",1,NA,5,56,"Male","pobre"
"07015038","MQ139071143",0,1600,6,47,"Male","pobre"
"07015038","MQ141071177",1,NA,8,50,"Female","pobre"
"07015038","MQ141081185",0,NA,8,48,"Female","pobre"
"07015038","MQ141081186",1,NA,11,66,"Male","pobre"
"07015038","MQ141081187",1,NA,4,73,"Male","no pobre"
"07015038","MQ141081188",1,NA,3,48,"Male","pobre"
"07015038","MQ141091192",1,960,5,51,"Male","pobre"
"07015038","MQ141091193",1,NA,8,78,"Male","pobre"
"07015038","MQ145071182",1,NA,4,53,"Male","pobre"
"07015038","MQ151081169",0,NA,3,20,"Male","pobre"
"07015038","MQ151081170",1,900,3,59,"Male","pobre"
"07015038","MQ151081172",1,NA,4,46,"Male","pobre"
"07015038","MQ159091148",1,NA,8,82,"Male","pobre"
"07015038","MQ166071176",1,NA,6,47,"Male","pobre"
"07015038","MQ166071177",1,NA,2,58,"Male","pobre"
"07015038","MQ166071179",1,2000,9,59,"Male","pobre"
"07015038","MQ166081185",1,NA,4,40,"Female","pobre"
